{
  "auc_roc": 0.749759,
  "auc_pr": 0.525667,
  "threshold": 0.17622052,
  "accuracy": 0.275437,
  "precision": 0.25618,
  "recall": 0.99736,
  "f1": 0.407651,
  "mcc": 0.08632
}