{"train": [0.7954719871016379, 0.795192492674103, 0.7945955597214851, 0.7879162913258116, 0.7661588246179348, 0.6442276558753983, 0.4193827001480496, 0.34848868092001795, 0.37673066080673395, 0.3580551370590977, 0.28946273036200815, 0.2443991795057075, 0.21742730457502085, 0.2026326537048828, 0.18530827322859333, 0.18815759218481282, 0.1838084015686851, 0.25089337179429083, 0.20844465576200671, 0.16589363699848692, 0.16496743358956736, 0.14954126957908756, 0.14238003821448317, 0.1374942033215533, 0.1277483851839949, 0.1406670139322534, 0.16646672223781908, 0.11453618344633186, 0.11217101556077001, 0.11881687134849979, 0.1156943041397689, 0.10779277451506235, 0.10338158915240261, 0.1126044126178579, 0.09649690742922408, 0.09782684548701974, 0.09814256581246511, 0.08849992161948686, 0.09893118855023826, 0.08305840325139392, 0.1009323223322777, 0.08023610481650428, 0.08919222205738245, 0.09402252193364027, 0.06686237016179977, 0.06271479962873643, 0.06123237599493456, 0.05972622972244486, 0.05982693904853633, 0.061942091087765126], "val": [0.7886485783869304, 0.7888907443354354, 0.788454386037103, 0.783103443245677, 0.730150671297015, 0.44452949607323816, 0.3456053097375367, 0.33314310022491556, 0.4578700450899632, 0.25512470728173653, 0.24106824421480577, 0.23565880233888856, 0.20086982586634428, 0.20575616311718684, 0.18451239500476116, 0.1937834980852849, 0.1499219941574836, 0.3034022298485631, 0.2081380415731912, 0.1685219749183581, 0.13926067868288475, 0.15027847900983693, 0.12739470492027158, 0.10551454362126816, 0.11107834637868264, 0.13502287811051605, 0.1150870391752516, 0.09954980824427995, 0.13751873279232857, 0.13206526014333342, 0.11217596358810514, 0.11007959358947862, 0.11172349595756584, 0.0954842516194103, 0.106317337533597, 0.08997289989659335, 0.07324462992774879, 0.0711423810927747, 0.07299116460242319, 0.08972639073485225, 0.0952556744870413, 0.1024125423251347, 0.25290933488758616, 0.132378353318842, 0.06039990519774895, 0.05606676049052275, 0.056593110658626176, 0.05642894850185313, 0.05631029785040942, 0.05974785507515908]}