{
  "accuracy": 0.995601,
  "macro_f1": 0.984581,
  "weighted_f1": 0.995572,
  "mcc": 0.989416,
  "auc_roc_ovr": 0.999491
}