{"train_loss": [0.1371662097262684, 0.05916146770290592, 0.047137458476804985, 0.04232247425026401, 0.03829830433171774, 0.03525093642324843, 0.03371256309690743, 0.03182108362327092, 0.02797497755041937, 0.02645235523730133, 0.02383351636647688, 0.02204207498761572, 0.019959462309987273, 0.018940602012085216, 0.016482355410573524, 0.012858471942165595, 0.012476795990568222, 0.011189341501884834, 0.008579629343675375, 0.007133032067844544, 0.005471495290049705, 0.003737661083538679, 0.0033667062094820074, 0.0022519452417338742, 0.001779806061885278, 0.0010713869403987093, 0.0009119998206095078, 0.0008787710243565596, 0.0008243957068528498, 0.0007294435400898782], "val_loss": [0.14409542202708162, 0.040132114213330246, 0.0490921245563498, 0.05327780270803835, 0.028153622165661113, 0.034389091544329814, 0.02821550848016647, 0.036214694152530175, 0.03619061955639481, 0.026451891851314503, 0.026068466147917944, 0.02563812587395394, 0.02442247405500313, 0.02322726326550121, 0.020270579677999324, 0.020681139207779788, 0.026083803506973452, 0.020643420552292676, 0.02157608702065757, 0.019317388322890938, 0.02246631869738761, 0.02133922049158525, 0.019758507410696225, 0.022207656488473268, 0.020464200869816863, 0.02018314444711418, 0.02012980371409992, 0.020759896350211082, 0.020039722710428462, 0.02067061583021578], "train_acc": [0.9607544151282981, 0.9837393293254509, 0.9869389693659464, 0.9879388568786012, 0.9890762289242461, 0.9901761051881663, 0.9901136122186254, 0.9905885587871365, 0.9917634266145059, 0.9924008549038233, 0.9928258070967017, 0.9934757339799273, 0.9941131622692447, 0.994200652426602, 0.9948005849341949, 0.9961254358884626, 0.9961254358884626, 0.9966253796447899, 0.9973377994975565, 0.9977002587208939, 0.9983001912284868, 0.9989751152995288, 0.9989251209238961, 0.9993875688984989, 0.9995750478071217, 0.999800022497469, 0.9999000112487345, 0.99986251546701, 0.99986251546701, 0.9999000112487345], "val_acc": [0.956456531520272, 0.9881017847322902, 0.9855521671749238, 0.9838524221366794, 0.9912513123031546, 0.9900514922761586, 0.9920511923211518, 0.990201469779533, 0.9900014997750337, 0.9927510873368994, 0.9927010948357746, 0.9931010348447733, 0.9929510573413988, 0.9939009148627705, 0.9941508773683947, 0.9943008548717692, 0.992601109833525, 0.9944508323751438, 0.995250712393141, 0.9944508323751438, 0.9943008548717692, 0.995250712393141, 0.9948507723841423, 0.9954506823976403, 0.9955006748987651, 0.9953007048942658, 0.9954506823976403, 0.9954006898965155, 0.9956006599010149, 0.9953506973953907]}